file	hash
splits.tsv	0c23a2aa35a81f2e38c2cedc6e333827
geneflow.tsv	51b123489b10c415c650015dcef0b652
1.png	192e49a90b911c7a869585f9e7e19bb5
2.png	e9b328ccf4b7030f8b4d1b8606a9dd0c
3.png	e9b328ccf4b7030f8b4d1b8606a9dd0c
4.png	52dd1c63b5bd1673ab39d74e2af06527
5.png	7552bd83600df2a1783c9fd98c9cb865
6.png	598e8d2a458d8cf8e4322ededc82bd14
7.png	554ab0e3a60cc02b352ffed19cc0d016
8.png	baca7c8703844221053e1838e23b82b1
9.png	f21d8876f86e0d4d5edebab336bd3d8e
10.png	1eed22a99bda9d4588c0b0c6971d25ad
11.png	d3f01d509271cea791a2c9f2bbd10ec6
12.png	c02aff363c8383b29cc5888cf131f66c
13.png	ef3e1d5f88b39de6b50dbb2e26f18b01
14.png	7695851b042c1f9dcb13fc2f24d67c46
15.png	aa744bd5628364307d3c4f5f861cb1c2
16.png	a0561135a42866ba9129269f32ca8473
17.png	12fd6b529850d16f8ff3c7794ad16d4c
18.png	de5ad4391214aec668036b2a661baf8f
19.png	523f85ff4b9f6f256f3ae3c7b00a1740
20.png	a1d191b896194a7cb339575e8a096ac9
21.png	81fd2798411a355818bef35cbff87c3e
22.png	a6334980d7fdd03c5c8839763ac2b69b
23.png	0faa11cc16a93bc7759375820a618b5c
24.png	0b268b507537845202a7e5c1d1f9eefa
25.png	aa0174109bc599925eab09a2fd63046f
26.png	b13ce51bcb1af7f3c926f2f30f57e983
27.png	71ea1441310b5d8b4e309d950d21fd03
28.png	4bf202f15dc1e68b0eac7dbbb9e02cc1
29.png	bdb5f79a87b07e693d4f098c49db026e
30.png	9ddc571c4b458173c11e5fea4aec9cec
31.png	c7050d114a6c2d1ae826b5ea21683525
32.png	921b04251c6a7a3e63809ca6abef6bf8
33.png	79e9c3202b4409e1477e6b2ed1a39045
34.png	111634b52e171c5becfa92084d0550e9
35.png	df060a3e9e47da5e55860a84a16bc9eb
36.png	6c97416b7c9d1a5adab8ed27ba95c6bf
37.png	4d39fa14d0b73e772f0a0fd9e100e789
38.png	496ff171827f2500d297b0a8901ada52
39.png	8e3d96a657b7cb4322c2ec360a9f52dc
40.png	e6ff1a0da1c9549e746f17950902d7b5
41.png	a702549016c093ad8bf5dc73f4b937a1
42.png	b546cd3b90da16a1541ff69fe377c2bf
43.png	37ad1bf95a633c7caa999e84e087d78c
44.png	712c412dd73336f5468238155503f533
45.png	ff9992c77478aa5f637a90ad07cd266a
46.png	b46f7af519265e7a47c9984044193449
47.png	5aa58fded4ebb387b69030cc114d0076
48.png	7837fe7c7c0f795bd1db56800b816f63
49.png	7837fe7c7c0f795bd1db56800b816f63
50.png	f31d779a8a3d2f9fd801c2467aee1d92
51.png	072560dfd88272481b80607e60519e0a
52.png	44ce1e9e4551d86d7957d6098d7ddf54
53.png	448cef7f99567e1ea87406abf9503362
54.png	35471548a163216f790d793191b4114a
55.png	6d6a86af5225a8f5e9defd9b8dc38600
56.png	f334e963d6cafbf83e041f2154fcc68e
57.png	dcb890516d6235c78ee518f3fcc09836
maps.tsv	e454787e94419ef7db8534f03438258c
resolution.txt	154773ae5dc2d36d8b9747e5d3dbfc36
dispersals.tsv	da18035ca05baed0f600e273983bdd84
populations.rds	50d618918927becb1f2e1e8d0d673bd9
generation_time.txt	d5b4c7d9b06b60a7846c4529834c9812
length.txt	62b0e0b1d51ee7f31029fb87e0cf4f75
direction.txt	e5aeeb730fd2f0a69491cbe27585d123
